[
    {"title": "Power Tools", "url": "", "submenu": {
        "type": "megamenu", "menu": {
            "size": "xl",
            "image": "images/megamenu/megamenu-1.jpg",
            "columns": [
                {"size": 3, "links": [
                    {"title": "Power Tools", "url": "", "links": [
                        {"title": "Engravers", "url": ""},
                        {"title": "Drills", "url": ""},
                        {"title": "Wrenches", "url": ""},
                        {"title": "Plumbing", "url": ""},
                        {"title": "Wall Chaser", "url": ""},
                        {"title": "Pneumatic Tools", "url": ""},
                        {"title": "Milling Cutters", "url": ""}
                    ]},
                    {"title": "Workbenches", "url": "", "links": []},
                    {"title": "Presses", "url": "", "links": []},
                    {"title": "Spray Guns", "url": "", "links": []},
                    {"title": "Riveters", "url": "", "links": []}
                ]},
                {"size": 3, "links": [
                    {"title": "Hand Tools", "url": "", "links": [
                        {"title": "Screwdrivers", "url": ""},
                        {"title": "Handsaws", "url": ""},
                        {"title": "Knives", "url": ""},
                        {"title": "Axes", "url": ""},
                        {"title": "Multitools", "url": ""},
                        {"title": "Paint Tools", "url": ""}
                    ]},
                    {"title": "Garden Equipment", "url": "", "links": [
                        {"title": "Motor Pumps", "url": ""},
                        {"title": "Chainsaws", "url": ""},
                        {"title": "Electric Saws", "url": ""},
                        {"title": "Brush Cutters", "url": ""}
                    ]}
                ]},
                {"size": 3, "links": [
                    {"title": "Machine Tools", "url": "", "links": [
                        {"title": "Thread Cutting", "url": ""},
                        {"title": "Chip Blowers", "url": ""},
                        {"title": "Sharpening Machines", "url": ""},
                        {"title": "Pipe Cutters", "url": ""},
                        {"title": "Slotting machines", "url": ""},
                        {"title": "Lathes", "url": ""}
                    ]}
                ]},
                {"size": 3, "links": [
                    {"title": "Instruments", "url": "", "links": [
                        {"title": "Welding Equipment", "url": ""},
                        {"title": "Power Tools", "url": ""},
                        {"title": "Hand Tools", "url": ""},
                        {"title": "Measuring Tool", "url": ""}
                    ]}
                ]}
            ]
        }
    }},
    {"title": "Hand Tools", "url": "", "submenu": {
        "type": "megamenu", "menu": {
            "size": "lg",
            "image": "images/megamenu/megamenu-2.jpg",
            "columns": [
                {"size": 4, "links": [
                    {"title": "Hand Tools", "url": "", "links": [
                        {"title": "Screwdrivers", "url": ""},
                        {"title": "Handsaws", "url": ""},
                        {"title": "Knives", "url": ""},
                        {"title": "Axes", "url": ""},
                        {"title": "Multitools", "url": ""},
                        {"title": "Paint Tools", "url": ""}
                    ]},
                    {"title": "Garden Equipment", "url": "", "links": [
                        {"title": "Motor Pumps", "url": ""},
                        {"title": "Chainsaws", "url": ""},
                        {"title": "Electric Saws", "url": ""},
                        {"title": "Brush Cutters", "url": ""}
                    ]}
                ]},
                {"size": 4, "links": [
                    {"title": "Machine Tools", "url": "", "links": [
                        {"title": "Thread Cutting", "url": ""},
                        {"title": "Chip Blowers", "url": ""},
                        {"title": "Sharpening Machines", "url": ""},
                        {"title": "Pipe Cutters", "url": ""},
                        {"title": "Slotting machines", "url": ""},
                        {"title": "Lathes", "url": ""}
                    ]}
                ]},
                {"size": 4, "links": [
                    {"title": "Instruments", "url": "", "links": [
                        {"title": "Welding Equipment", "url": ""},
                        {"title": "Power Tools", "url": ""},
                        {"title": "Hand Tools", "url": ""},
                        {"title": "Measuring Tool", "url": ""}
                    ]}
                ]}
            ]
        }
    }},
    {"title": "Machine Tools", "url": "", "submenu": {
        "type": "megamenu", "menu": {
            "size": "nl",
            "image": "images/megamenu/megamenu-3.jpg",
            "columns": [
                {"size": 6, "links": [
                    {"title": "Hand Tools", "url": "", "links": [
                        {"title": "Screwdrivers", "url": ""},
                        {"title": "Handsaws", "url": ""},
                        {"title": "Knives", "url": ""},
                        {"title": "Axes", "url": ""},
                        {"title": "Multitools", "url": ""},
                        {"title": "Paint Tools", "url": ""}
                    ]},
                    {"title": "Garden Equipment", "url": "", "links": [
                        {"title": "Motor Pumps", "url": ""},
                        {"title": "Chainsaws", "url": ""},
                        {"title": "Electric Saws", "url": ""},
                        {"title": "Brush Cutters", "url": ""}
                    ]}
                ]},
                {"size": 6, "links": [
                    {"title": "Instruments", "url": "", "links": [
                        {"title": "Welding Equipment", "url": ""},
                        {"title": "Power Tools", "url": ""},
                        {"title": "Hand Tools", "url": ""},
                        {"title": "Measuring Tool", "url": ""}
                    ]}
                ]}
            ]
        }
    }},
    {"title": "Building Supplies", "url": "", "submenu": {
        "type": "megamenu", "menu": {
            "size": "sm",
            "columns": [
                {"size": 12, "links": [
                    {"title": "Hand Tools", "url": "", "links": [
                        {"title": "Screwdrivers", "url": ""},
                        {"title": "Handsaws", "url": ""},
                        {"title": "Knives", "url": ""},
                        {"title": "Axes", "url": ""},
                        {"title": "Multitools", "url": ""},
                        {"title": "Paint Tools", "url": ""}
                    ]},
                    {"title": "Garden Equipment", "url": "", "links": [
                        {"title": "Motor Pumps", "url": ""},
                        {"title": "Chainsaws", "url": ""},
                        {"title": "Electric Saws", "url": ""},
                        {"title": "Brush Cutters", "url": ""}
                    ]}
                ]}
            ]
        }
    }},
    {"title": "Electrical", "url": "", "submenu": {
        "type": "menu", "menu": [
            {"title": "Soldering Equipment", "url": "", "submenu": [
                {"title": "Soldering Station", "url": ""},
                {"title": "Soldering Dryers", "url": ""},
                {"title": "Gas Soldering Iron", "url": ""},
                {"title": "Electric Soldering Iron", "url": ""}
            ]},
            {"title": "Light Bulbs", "url": ""},
            {"title": "Batteries", "url": ""},
            {"title": "Light Fixtures", "url": ""},
            {"title": "Warm Floor", "url": ""},
            {"title": "Generators", "url": ""},
            {"title": "UPS", "url": ""}
        ]
    }},
    {"title": "Power Machinery",        "url": "", "submenu": null},
    {"title": "Measurement",            "url": "", "submenu": null},
    {"title": "Clothes & PPE",          "url": "", "submenu": null},
    {"title": "Plumbing",               "url": "", "submenu": null},
    {"title": "Storage & Organization", "url": "", "submenu": null},
    {"title": "Welding & Soldering",    "url": "", "submenu": null}
]