[
  {
    "author": "Emma Williams",
    "post": "Nullam at varius sapien sed sit amet condimentum elit",
    "content": "In one general sense, philosophy is associated with wisdom, intellectual culture and a search for knowledge...",
    "date": "3 minutes ago"
  },
  {
    "author": "Airic Ford",
    "post": "Integer efficitur efficitur velit non pulvinar pellentesque dictum viverra",
    "content": "In one general sense, philosophy is associated with wisdom, intellectual culture and a search for knowledge...",
    "date": "25 minutes ago"
  },
  {
    "author": "Loyd Walker",
    "post": "Curabitur quam augue vestibulum in mauris fermentum pellentesque libero",
    "content": "In one general sense, philosophy is associated with wisdom, intellectual culture and a search for knowledge...",
    "date": "2 hours ago"
  },
  {
    "author": "Jessica Moore",
    "post": "Vestibulum leo sapien sollicitudin at magna eu interdum congue feugiat",
    "content": "In one general sense, philosophy is associated with wisdom, intellectual culture and a search for knowledge...",
    "date": "3 days ago"
  }
]