[
    {"type": "link", "title": "Home", "url": "index.html", "sub": [
        {"type": "link", "title": "Home 1", "url": "index.html"},
        {"type": "link", "title": "Home 2", "url": "index-2.html"}
    ]},
    {"type": "link", "title": "Categories", "sub": [
        {"type": "link", "title": "Power Tools", "url": "", "sub": [
            {"type": "link", "title": "Engravers", "url": ""},
            {"type": "link", "title": "Wrenches", "url": ""},
            {"type": "link", "title": "Wall Chaser", "url": ""},
            {"type": "link", "title": "Pneumatic Tools", "url": ""}
        ]},
        {"type": "link", "title": "Machine Tools", "url": "", "sub": [
            {"type": "link", "title": "Thread Cutting", "url": ""},
            {"type": "link", "title": "Chip Blowers", "url": ""},
            {"type": "link", "title": "Sharpening Machines", "url": ""},
            {"type": "link", "title": "Pipe Cutters", "url": ""},
            {"type": "link", "title": "Slotting machines", "url": ""},
            {"type": "link", "title": "Lathes", "url": ""}
        ]}
    ]},
    {"type": "link", "title": "Shop", "url": "shop-grid-3-columns-sidebar.html", "sub": [
        {"type": "link", "title": "Shop Grid", "url": "shop-grid-3-columns-sidebar.html", "sub": [
            {"type": "link", "title": "3 Columns Sidebar", "url": "shop-grid-3-columns-sidebar.html"},
            {"type": "link", "title": "4 Columns Full",    "url": "shop-grid-4-columns-full.html"},
            {"type": "link", "title": "5 Columns Full",    "url": "shop-grid-5-columns-full.html"}
        ]},
        {"type": "link", "title": "Shop List", "url": "shop-list.html"},
        {"type": "link", "title": "Shop Right Sidebar", "url": "shop-right-sidebar.html"},
        {"type": "link", "title": "Product", "url": "product.html", "sub": [
            {"type": "link", "title": "Product", "url": "product.html"},
            {"type": "link", "title": "Product Alt", "url": "product-alt.html"},
            {"type": "link", "title": "Product Sidebar", "url": "product-sidebar.html"}
        ]},
        {"type": "link", "title": "Cart", "url": "cart.html"},
        {"type": "link", "title": "Cart Empty", "url": "cart-empty.html"},
        {"type": "link", "title": "Checkout", "url": "checkout.html"},
        {"type": "link", "title": "Wishlist", "url": "wishlist.html"},
        {"type": "link", "title": "Compare", "url": "compare.html"},
        {"type": "link", "title": "Track Order", "url": "track-order.html"}
    ]},
    {"type": "link", "title": "Account", "url": "account-login.html", "sub": [
        {"type": "link", "title": "Login", "url": "account-login.html"},
        {"type": "link", "title": "Dashboard", "url": "account-dashboard.html"},
        {"type": "link", "title": "Edit Profile", "url": "account-profile.html"},
        {"type": "link", "title": "Order History", "url": "account-orders.html"},
        {"type": "link", "title": "Address Book", "url": "account-addresses.html"},
        {"type": "link", "title": "Change Password", "url": "account-password.html"}
    ]},
    {"type": "link", "title": "Blog", "url": "blog-classic.html", "sub": [
        {"type": "link", "title": "Blog Classic", "url": "blog-classic.html"},
        {"type": "link", "title": "Blog Grid", "url": "blog-grid.html"},
        {"type": "link", "title": "Blog List", "url": "blog-list.html"},
        {"type": "link", "title": "Blog Left Sidebar", "url": "blog-left-sidebar.html"},
        {"type": "link", "title": "Post Page", "url": "post.html"},
        {"type": "link", "title": "Post Without Sidebar", "url": "post-without-sidebar.html"}
    ]},
    {"type": "link", "title": "Pages", "url": "", "sub": [
        {"type": "link", "title": "About Us", "url": "about-us.html"},
        {"type": "link", "title": "Contact Us", "url": "contact-us.html"},
        {"type": "link", "title": "Contact Us Alt", "url": "contact-us-alt.html"},
        {"type": "link", "title": "404", "url": "404.html"},
        {"type": "link", "title": "Terms And Conditions", "url": "terms-and-conditions.html"},
        {"type": "link", "title": "FAQ", "url": "faq.html"},
        {"type": "link", "title": "Components", "url": "components.html"},
        {"type": "link", "title": "Typography", "url": "typography.html"}
    ]},
    {"type": "button", "title": "Currency", "sub": [
        {"type": "link", "title": "€ Euro", "url": ""},
        {"type": "link", "title": "£ Pound Sterling", "url": ""},
        {"type": "link", "title": "$ US Dollar", "url": ""},
        {"type": "link", "title": "₽ Russian Ruble", "url": ""}
    ]},
    {"type": "button", "title": "Language", "sub": [
        {"type": "link", "title": "English", "url": ""},
        {"type": "link", "title": "French", "url": ""},
        {"type": "link", "title": "German", "url": ""},
        {"type": "link", "title": "Russian", "url": ""},
        {"type": "link", "title": "Italian", "url": ""}
    ]}
]
