[
  {
    "image": "images/posts/post-1",
    "date": "October 19, 2019",
    "categories": [
      "Special Offers"
    ],
    "title": "Philosophy That Addresses Topics Such As Goodness"
  },
  {
    "image": "images/posts/post-2",
    "date": "September 5, 2019",
    "categories": [
      "Latest News"
    ],
    "title": "Logic Is The Study Of Reasoning And Argument Part 2"
  },
  {
    "image": "images/posts/post-3",
    "date": "August 12, 2019",
    "categories": [
      "New Arrivals"
    ],
    "title": "Some Philosophers Specialize In One Or More Historical Periods"
  },
  {
    "image": "images/posts/post-4",
    "date": "Jule 30, 2019",
    "categories": [
      "Special Offers"
    ],
    "title": "A Variety Of Other Academic And Non-Academic Approaches Have Been Explored"
  },
  {
    "image": "images/posts/post-5",
    "date": "June 12, 2019",
    "categories": [
      "New Arrivals"
    ],
    "title": "Germany Was The First Country To Professionalize Philosophy"
  },
  {
    "image": "images/posts/post-6",
    "date": "May 21, 2019",
    "categories": [
      "Special Offers"
    ],
    "title": "Logic Is The Study Of Reasoning And Argument Part 1"
  },
  {
    "image": "images/posts/post-7",
    "date": "April 3, 2019",
    "categories": [
      "Special Offers"
    ],
    "title": "Many Inquiries Outside Of Academia Are Philosophical In The Broad Sense"
  },
  {
    "image": "images/posts/post-8",
    "date": "Mart 29, 2019",
    "categories": [
      "Latest News"
    ],
    "title": "An Advantage Of Digital Circuits When Compared To Analog Circuits"
  },
  {
    "image": "images/posts/post-9",
    "date": "February 10, 2019",
    "categories": [
      "New Arrivals"
    ],
    "title": "A Digital Circuit Is Typically Constructed From Small Electronic Circuits"
  },
  {
    "image": "images/posts/post-10",
    "date": "January 1, 2019",
    "categories": [
      "Special Offers"
    ],
    "title": "Engineers Use Many Methods To Minimize Logic Functions"
  }
]